{
  "Packages": [
    {
      "Package": {
        "Id": "UiPath.Credentials.Activities",
        "Version": "1.1.6383.17967"
      },
      "Assemblies": [
        "D:\\Users\\uscbd-svc-rpbot0012D\\.nuget\\packages\\credentialmanagement/1.0.2\\lib/net35/CredentialManagement.dll",
        "D:\\Users\\uscbd-svc-rpbot0012D\\.nuget\\packages\\uipath.credentials.activities/1.1.6383.17967\\lib/net40-client/UiPath.Credentials.Activities.dll"
      ]
    },
    {
      "Package": {
        "Id": "UiPath.Cryptography.Activities",
        "Version": "1.0.7346.28183"
      },
      "Assemblies": [
        "D:\\Users\\uscbd-svc-rpbot0012D\\.nuget\\packages\\uipath.cryptography.activities/1.0.7346.28183\\lib/net452/UiPath.Cryptography.Activities.Design.dll",
        "D:\\Users\\uscbd-svc-rpbot0012D\\.nuget\\packages\\uipath.cryptography.activities/1.0.7346.28183\\lib/net452/UiPath.Cryptography.Activities.dll",
        "D:\\Users\\uscbd-svc-rpbot0012D\\.nuget\\packages\\uipath.cryptography.activities/1.0.7346.28183\\lib/net452/UiPath.Cryptography.dll"
      ]
    },
    {
      "Package": {
        "Id": "UiPath.Excel.Activities",
        "Version": "2.5.1"
      },
      "Assemblies": [
        "D:\\Users\\uscbd-svc-rpbot0012D\\.nuget\\packages\\closedxml/0.87.1\\lib/net40/ClosedXML.dll",
        "D:\\Users\\uscbd-svc-rpbot0012D\\.nuget\\packages\\csvhelper/2.13.5\\lib/net40-client/CsvHelper.dll",
        "D:\\Users\\uscbd-svc-rpbot0012D\\.nuget\\packages\\documentformat.openxml/2.5.0\\lib/DocumentFormat.OpenXml.dll",
        "D:\\Users\\uscbd-svc-rpbot0012D\\.nuget\\packages\\microsoft.visualstudio.ole.interop/7.10.6071\\lib/Microsoft.VisualStudio.OLE.Interop.dll",
        "D:\\Users\\uscbd-svc-rpbot0012D\\.nuget\\packages\\npoi/2.4.1\\lib/net45/NPOI.OOXML.dll",
        "D:\\Users\\uscbd-svc-rpbot0012D\\.nuget\\packages\\npoi/2.4.1\\lib/net45/NPOI.OpenXml4Net.dll",
        "D:\\Users\\uscbd-svc-rpbot0012D\\.nuget\\packages\\npoi/2.4.1\\lib/net45/NPOI.OpenXmlFormats.dll",
        "D:\\Users\\uscbd-svc-rpbot0012D\\.nuget\\packages\\npoi/2.4.1\\lib/net45/NPOI.dll",
        "D:\\Users\\uscbd-svc-rpbot0012D\\.nuget\\packages\\sharpziplib/1.0.0\\lib/net45/ICSharpCode.SharpZipLib.dll",
        "D:\\Users\\uscbd-svc-rpbot0012D\\.nuget\\packages\\uipath.excel.activities/2.5.1\\lib/net452/UiPath.Excel.Activities.Design.dll",
        "D:\\Users\\uscbd-svc-rpbot0012D\\.nuget\\packages\\uipath.excel.activities/2.5.1\\lib/net452/UiPath.Excel.Activities.dll",
        "D:\\Users\\uscbd-svc-rpbot0012D\\.nuget\\packages\\uipath.excel.activities/2.5.1\\lib/net452/UiPath.Excel.dll"
      ]
    },
    {
      "Package": {
        "Id": "UiPath.Mail.Activities",
        "Version": "1.3.0"
      },
      "Assemblies": [
        "D:\\Users\\uscbd-svc-rpbot0012D\\.nuget\\packages\\bouncycastle/1.8.1\\lib/BouncyCastle.Crypto.dll",
        "D:\\Users\\uscbd-svc-rpbot0012D\\.nuget\\packages\\microsoft.exchange.webservices/2.2.0\\lib/40/Microsoft.Exchange.WebServices.Auth.dll",
        "D:\\Users\\uscbd-svc-rpbot0012D\\.nuget\\packages\\microsoft.exchange.webservices/2.2.0\\lib/40/Microsoft.Exchange.WebServices.dll",
        "D:\\Users\\uscbd-svc-rpbot0012D\\.nuget\\packages\\uipath.mail.activities/1.3.0\\lib/net452/MailKit.dll",
        "D:\\Users\\uscbd-svc-rpbot0012D\\.nuget\\packages\\uipath.mail.activities/1.3.0\\lib/net452/MimeKit.dll",
        "D:\\Users\\uscbd-svc-rpbot0012D\\.nuget\\packages\\uipath.mail.activities/1.3.0\\lib/net452/UiPath.Mail.Activities.Design.dll",
        "D:\\Users\\uscbd-svc-rpbot0012D\\.nuget\\packages\\uipath.mail.activities/1.3.0\\lib/net452/UiPath.Mail.Activities.dll",
        "D:\\Users\\uscbd-svc-rpbot0012D\\.nuget\\packages\\uipath.mail.activities/1.3.0\\lib/net452/UiPath.Mail.dll"
      ]
    },
    {
      "Package": {
        "Id": "UiPath.System.Activities",
        "Version": "18.4.2"
      },
      "Assemblies": [
        "D:\\Users\\uscbd-svc-rpbot0012D\\.nuget\\packages\\csvhelper/2.13.5\\lib/net40-client/CsvHelper.dll",
        "D:\\Users\\uscbd-svc-rpbot0012D\\.nuget\\packages\\microsoft.rest.clientruntime/2.3.10\\lib/net452/Microsoft.Rest.ClientRuntime.dll",
        "D:\\Users\\uscbd-svc-rpbot0012D\\.nuget\\packages\\newtonsoft.json/11.0.2\\lib/net45/Newtonsoft.Json.dll",
        "D:\\Users\\uscbd-svc-rpbot0012D\\.nuget\\packages\\uipath.system.activities/18.4.2\\lib/net461/ActiproSoftware.Docking.Wpf.dll",
        "D:\\Users\\uscbd-svc-rpbot0012D\\.nuget\\packages\\uipath.system.activities/18.4.2\\lib/net461/ActiproSoftware.Ribbon.Wpf.dll",
        "D:\\Users\\uscbd-svc-rpbot0012D\\.nuget\\packages\\uipath.system.activities/18.4.2\\lib/net461/ActiproSoftware.Shared.Wpf.dll",
        "D:\\Users\\uscbd-svc-rpbot0012D\\.nuget\\packages\\uipath.system.activities/18.4.2\\lib/net461/ActiproSoftware.SyntaxEditor.Addons.DotNet.Wpf.dll",
        "D:\\Users\\uscbd-svc-rpbot0012D\\.nuget\\packages\\uipath.system.activities/18.4.2\\lib/net461/ActiproSoftware.SyntaxEditor.Wpf.dll",
        "D:\\Users\\uscbd-svc-rpbot0012D\\.nuget\\packages\\uipath.system.activities/18.4.2\\lib/net461/ActiproSoftware.Text.Addons.DotNet.Wpf.dll",
        "D:\\Users\\uscbd-svc-rpbot0012D\\.nuget\\packages\\uipath.system.activities/18.4.2\\lib/net461/ActiproSoftware.Text.LLParser.Wpf.dll",
        "D:\\Users\\uscbd-svc-rpbot0012D\\.nuget\\packages\\uipath.system.activities/18.4.2\\lib/net461/ActiproSoftware.Text.Wpf.dll",
        "D:\\Users\\uscbd-svc-rpbot0012D\\.nuget\\packages\\uipath.system.activities/18.4.2\\lib/net461/ActiproSoftware.Wizard.Wpf.dll",
        "D:\\Users\\uscbd-svc-rpbot0012D\\.nuget\\packages\\uipath.system.activities/18.4.2\\lib/net461/UiPath.OrchestratorClient.dll",
        "D:\\Users\\uscbd-svc-rpbot0012D\\.nuget\\packages\\uipath.system.activities/18.4.2\\lib/net461/UiPath.System.Activities.Design.dll",
        "D:\\Users\\uscbd-svc-rpbot0012D\\.nuget\\packages\\uipath.system.activities/18.4.2\\lib/net461/UiPath.System.Activities.dll"
      ]
    },
    {
      "Package": {
        "Id": "UiPath.UIAutomation.Activities",
        "Version": "19.10.1"
      },
      "Assemblies": [
        "D:\\Users\\uscbd-svc-rpbot0012D\\.nuget\\packages\\avalonedit/5.0.3\\lib/Net40/ICSharpCode.AvalonEdit.dll",
        "D:\\Users\\uscbd-svc-rpbot0012D\\.nuget\\packages\\extended.wpf.toolkit/2.8.0\\lib/net40/Xceed.Wpf.AvalonDock.Themes.Aero.dll",
        "D:\\Users\\uscbd-svc-rpbot0012D\\.nuget\\packages\\extended.wpf.toolkit/2.8.0\\lib/net40/Xceed.Wpf.AvalonDock.Themes.Metro.dll",
        "D:\\Users\\uscbd-svc-rpbot0012D\\.nuget\\packages\\extended.wpf.toolkit/2.8.0\\lib/net40/Xceed.Wpf.AvalonDock.Themes.VS2010.dll",
        "D:\\Users\\uscbd-svc-rpbot0012D\\.nuget\\packages\\extended.wpf.toolkit/2.8.0\\lib/net40/Xceed.Wpf.AvalonDock.dll",
        "D:\\Users\\uscbd-svc-rpbot0012D\\.nuget\\packages\\extended.wpf.toolkit/2.8.0\\lib/net40/Xceed.Wpf.DataGrid.dll",
        "D:\\Users\\uscbd-svc-rpbot0012D\\.nuget\\packages\\extended.wpf.toolkit/2.8.0\\lib/net40/Xceed.Wpf.Toolkit.dll",
        "D:\\Users\\uscbd-svc-rpbot0012D\\.nuget\\packages\\humanizer.core/2.4.2\\lib/netstandard2.0/Humanizer.dll",
        "D:\\Users\\uscbd-svc-rpbot0012D\\.nuget\\packages\\newtonsoft.json/11.0.2\\lib/net45/Newtonsoft.Json.dll",
        "D:\\Users\\uscbd-svc-rpbot0012D\\.nuget\\packages\\uipath/19.10.7243.31457\\lib/UiPath.Interop.dll",
        "D:\\Users\\uscbd-svc-rpbot0012D\\.nuget\\packages\\uipath.ocr.contracts/2.2.1\\lib/net45/UiPath.OCR.Contracts.dll",
        "D:\\Users\\uscbd-svc-rpbot0012D\\.nuget\\packages\\uipath.uiautomation.activities/19.10.1\\lib/net461/ActiproSoftware.DataGrid.Contrib.Wpf.dll",
        "D:\\Users\\uscbd-svc-rpbot0012D\\.nuget\\packages\\uipath.uiautomation.activities/19.10.1\\lib/net461/ActiproSoftware.Docking.Wpf.dll",
        "D:\\Users\\uscbd-svc-rpbot0012D\\.nuget\\packages\\uipath.uiautomation.activities/19.10.1\\lib/net461/ActiproSoftware.Editors.Wpf.dll",
        "D:\\Users\\uscbd-svc-rpbot0012D\\.nuget\\packages\\uipath.uiautomation.activities/19.10.1\\lib/net461/ActiproSoftware.Ribbon.Wpf.dll",
        "D:\\Users\\uscbd-svc-rpbot0012D\\.nuget\\packages\\uipath.uiautomation.activities/19.10.1\\lib/net461/ActiproSoftware.Shared.Wpf.dll",
        "D:\\Users\\uscbd-svc-rpbot0012D\\.nuget\\packages\\uipath.uiautomation.activities/19.10.1\\lib/net461/ActiproSoftware.SyntaxEditor.Addons.DotNet.Wpf.dll",
        "D:\\Users\\uscbd-svc-rpbot0012D\\.nuget\\packages\\uipath.uiautomation.activities/19.10.1\\lib/net461/ActiproSoftware.SyntaxEditor.Wpf.dll",
        "D:\\Users\\uscbd-svc-rpbot0012D\\.nuget\\packages\\uipath.uiautomation.activities/19.10.1\\lib/net461/ActiproSoftware.Text.Addons.DotNet.Wpf.dll",
        "D:\\Users\\uscbd-svc-rpbot0012D\\.nuget\\packages\\uipath.uiautomation.activities/19.10.1\\lib/net461/ActiproSoftware.Text.LLParser.Wpf.dll",
        "D:\\Users\\uscbd-svc-rpbot0012D\\.nuget\\packages\\uipath.uiautomation.activities/19.10.1\\lib/net461/ActiproSoftware.Text.Wpf.dll",
        "D:\\Users\\uscbd-svc-rpbot0012D\\.nuget\\packages\\uipath.uiautomation.activities/19.10.1\\lib/net461/ActiproSoftware.Wizard.Wpf.dll",
        "D:\\Users\\uscbd-svc-rpbot0012D\\.nuget\\packages\\uipath.uiautomation.activities/19.10.1\\lib/net461/UiPath.CV.Activities.Design.dll",
        "D:\\Users\\uscbd-svc-rpbot0012D\\.nuget\\packages\\uipath.uiautomation.activities/19.10.1\\lib/net461/UiPath.CV.Activities.dll",
        "D:\\Users\\uscbd-svc-rpbot0012D\\.nuget\\packages\\uipath.uiautomation.activities/19.10.1\\lib/net461/UiPath.CV.dll",
        "D:\\Users\\uscbd-svc-rpbot0012D\\.nuget\\packages\\uipath.uiautomation.activities/19.10.1\\lib/net461/UiPath.UIAutomation.Activities.Design.dll",
        "D:\\Users\\uscbd-svc-rpbot0012D\\.nuget\\packages\\uipath.uiautomation.activities/19.10.1\\lib/net461/UiPath.UiAutomation.Activities.dll",
        "D:\\Users\\uscbd-svc-rpbot0012D\\.nuget\\packages\\uipath.uiautomation.activities/19.10.1\\lib/net461/UiPath.Wizards.dll",
        "D:\\Users\\uscbd-svc-rpbot0012D\\.nuget\\packages\\uipath.vision/1.8.1\\lib/net452/UiPath.Vision.AbbyyCloud.dll",
        "D:\\Users\\uscbd-svc-rpbot0012D\\.nuget\\packages\\uipath.vision/1.8.1\\lib/net452/UiPath.Vision.AbbyyFRE11.dll",
        "D:\\Users\\uscbd-svc-rpbot0012D\\.nuget\\packages\\uipath.vision/1.8.1\\lib/net452/UiPath.Vision.AbbyyFRE12.dll",
        "D:\\Users\\uscbd-svc-rpbot0012D\\.nuget\\packages\\uipath.vision/1.8.1\\lib/net452/UiPath.Vision.AbbyyFRECommon.dll",
        "D:\\Users\\uscbd-svc-rpbot0012D\\.nuget\\packages\\uipath.vision/1.8.1\\lib/net452/UiPath.Vision.AzureComputerVision.dll",
        "D:\\Users\\uscbd-svc-rpbot0012D\\.nuget\\packages\\uipath.vision/1.8.1\\lib/net452/UiPath.Vision.Core.dll",
        "D:\\Users\\uscbd-svc-rpbot0012D\\.nuget\\packages\\uipath.vision/1.8.1\\lib/net452/UiPath.Vision.GoogleCloud.dll",
        "D:\\Users\\uscbd-svc-rpbot0012D\\.nuget\\packages\\uipath.vision/1.8.1\\lib/net452/UiPath.Vision.Microsoft.dll",
        "D:\\Users\\uscbd-svc-rpbot0012D\\.nuget\\packages\\uipath.vision/1.8.1\\lib/net452/UiPath.Vision.MicrosoftCloud.dll",
        "D:\\Users\\uscbd-svc-rpbot0012D\\.nuget\\packages\\uipath.vision/1.8.1\\lib/net452/UiPath.Vision.Tesseract.dll",
        "D:\\Users\\uscbd-svc-rpbot0012D\\.nuget\\packages\\uipath.vision/1.8.1\\lib/net452/UiPath.Vision.dll"
      ]
    },
    {
      "Package": {
        "Id": "UiPath.WebAPI.Activities",
        "Version": "1.4.4"
      },
      "Assemblies": [
        "D:\\Users\\uscbd-svc-rpbot0012D\\.nuget\\packages\\avalonedit/5.0.3\\lib/Net40/ICSharpCode.AvalonEdit.dll",
        "D:\\Users\\uscbd-svc-rpbot0012D\\.nuget\\packages\\newtonsoft.json/11.0.2\\lib/net45/Newtonsoft.Json.dll",
        "D:\\Users\\uscbd-svc-rpbot0012D\\.nuget\\packages\\restsharp/106.3.1\\lib/net452/RestSharp.dll",
        "D:\\Users\\uscbd-svc-rpbot0012D\\.nuget\\packages\\uipath.webapi.activities/1.4.4\\lib/net452/UiPath.Web.Activities.Design.dll",
        "D:\\Users\\uscbd-svc-rpbot0012D\\.nuget\\packages\\uipath.webapi.activities/1.4.4\\lib/net452/UiPath.Web.Activities.dll",
        "D:\\Users\\uscbd-svc-rpbot0012D\\.nuget\\packages\\uipath.webapi.activities/1.4.4\\lib/net452/UiPath.Web.dll"
      ]
    },
    {
      "Package": {
        "Id": "UiPathTeam.ArchiveLib.Activity",
        "Version": "1.1.1"
      },
      "Assemblies": [
        "D:\\Users\\uscbd-svc-rpbot0012D\\.nuget\\packages\\csvhelper/2.13.5\\lib/net40-client/CsvHelper.dll",
        "D:\\Users\\uscbd-svc-rpbot0012D\\.nuget\\packages\\microsoft.rest.clientruntime/2.3.10\\lib/net452/Microsoft.Rest.ClientRuntime.dll",
        "D:\\Users\\uscbd-svc-rpbot0012D\\.nuget\\packages\\newtonsoft.json/11.0.2\\lib/net45/Newtonsoft.Json.dll",
        "D:\\Users\\uscbd-svc-rpbot0012D\\.nuget\\packages\\uipath.system.activities/18.4.2\\lib/net461/ActiproSoftware.Docking.Wpf.dll",
        "D:\\Users\\uscbd-svc-rpbot0012D\\.nuget\\packages\\uipath.system.activities/18.4.2\\lib/net461/ActiproSoftware.Ribbon.Wpf.dll",
        "D:\\Users\\uscbd-svc-rpbot0012D\\.nuget\\packages\\uipath.system.activities/18.4.2\\lib/net461/ActiproSoftware.Shared.Wpf.dll",
        "D:\\Users\\uscbd-svc-rpbot0012D\\.nuget\\packages\\uipath.system.activities/18.4.2\\lib/net461/ActiproSoftware.SyntaxEditor.Addons.DotNet.Wpf.dll",
        "D:\\Users\\uscbd-svc-rpbot0012D\\.nuget\\packages\\uipath.system.activities/18.4.2\\lib/net461/ActiproSoftware.SyntaxEditor.Wpf.dll",
        "D:\\Users\\uscbd-svc-rpbot0012D\\.nuget\\packages\\uipath.system.activities/18.4.2\\lib/net461/ActiproSoftware.Text.Addons.DotNet.Wpf.dll",
        "D:\\Users\\uscbd-svc-rpbot0012D\\.nuget\\packages\\uipath.system.activities/18.4.2\\lib/net461/ActiproSoftware.Text.LLParser.Wpf.dll",
        "D:\\Users\\uscbd-svc-rpbot0012D\\.nuget\\packages\\uipath.system.activities/18.4.2\\lib/net461/ActiproSoftware.Text.Wpf.dll",
        "D:\\Users\\uscbd-svc-rpbot0012D\\.nuget\\packages\\uipath.system.activities/18.4.2\\lib/net461/ActiproSoftware.Wizard.Wpf.dll",
        "D:\\Users\\uscbd-svc-rpbot0012D\\.nuget\\packages\\uipath.system.activities/18.4.2\\lib/net461/UiPath.OrchestratorClient.dll",
        "D:\\Users\\uscbd-svc-rpbot0012D\\.nuget\\packages\\uipath.system.activities/18.4.2\\lib/net461/UiPath.System.Activities.Design.dll",
        "D:\\Users\\uscbd-svc-rpbot0012D\\.nuget\\packages\\uipath.system.activities/18.4.2\\lib/net461/UiPath.System.Activities.dll",
        "D:\\Users\\uscbd-svc-rpbot0012D\\.nuget\\packages\\uipathteam.archivelib.activity/1.1.1\\lib/net45/ArchiveLib.dll"
      ]
    }
  ],
  "Conflicts": [],
  "ResolvedDependencies": {
    "AvalonEdit": {
      "Id": "AvalonEdit",
      "Version": "5.0.3",
      "Dependencies": []
    },
    "BouncyCastle": {
      "Id": "BouncyCastle",
      "Version": "1.8.1",
      "Dependencies": []
    },
    "ClosedXML": {
      "Id": "ClosedXML",
      "Version": "0.87.1",
      "Dependencies": [
        {
          "Item1": "DocumentFormat.OpenXml",
          "Item2": "[2.5.0, )"
        }
      ]
    },
    "CredentialManagement": {
      "Id": "CredentialManagement",
      "Version": "1.0.2",
      "Dependencies": []
    },
    "CsvHelper": {
      "Id": "CsvHelper",
      "Version": "2.13.5",
      "Dependencies": []
    },
    "DocumentFormat.OpenXml": {
      "Id": "DocumentFormat.OpenXml",
      "Version": "2.5.0",
      "Dependencies": []
    },
    "Extended.Wpf.Toolkit": {
      "Id": "Extended.Wpf.Toolkit",
      "Version": "2.8.0",
      "Dependencies": []
    },
    "Humanizer.Core": {
      "Id": "Humanizer.Core",
      "Version": "2.4.2",
      "Dependencies": []
    },
    "Microsoft.Exchange.WebServices": {
      "Id": "Microsoft.Exchange.WebServices",
      "Version": "2.2.0",
      "Dependencies": []
    },
    "Microsoft.Rest.ClientRuntime": {
      "Id": "Microsoft.Rest.ClientRuntime",
      "Version": "2.3.10",
      "Dependencies": [
        {
          "Item1": "Newtonsoft.Json",
          "Item2": "[6.0.8, )"
        }
      ]
    },
    "Microsoft.VisualStudio.OLE.Interop": {
      "Id": "Microsoft.VisualStudio.OLE.Interop",
      "Version": "7.10.6071",
      "Dependencies": []
    },
    "Newtonsoft.Json": {
      "Id": "Newtonsoft.Json",
      "Version": "11.0.2",
      "Dependencies": []
    },
    "NPOI": {
      "Id": "NPOI",
      "Version": "2.4.1",
      "Dependencies": [
        {
          "Item1": "SharpZipLib",
          "Item2": "[1.0.0, )"
        }
      ]
    },
    "RestSharp": {
      "Id": "RestSharp",
      "Version": "106.3.1",
      "Dependencies": []
    },
    "SharpZipLib": {
      "Id": "SharpZipLib",
      "Version": "1.0.0",
      "Dependencies": []
    },
    "UiPath": {
      "Id": "UiPath",
      "Version": "19.10.7243.31457",
      "Dependencies": []
    },
    "UiPath.Credentials.Activities": {
      "Id": "UiPath.Credentials.Activities",
      "Version": "1.1.6383.17967",
      "Dependencies": [
        {
          "Item1": "CredentialManagement",
          "Item2": "[1.0.2, )"
        }
      ]
    },
    "UiPath.Cryptography.Activities": {
      "Id": "UiPath.Cryptography.Activities",
      "Version": "1.0.7346.28183",
      "Dependencies": []
    },
    "UiPath.Excel.Activities": {
      "Id": "UiPath.Excel.Activities",
      "Version": "2.5.1",
      "Dependencies": [
        {
          "Item1": "ClosedXML",
          "Item2": "[0.87.1, )"
        },
        {
          "Item1": "CsvHelper",
          "Item2": "[2.13.5, )"
        },
        {
          "Item1": "DocumentFormat.OpenXml",
          "Item2": "[2.5.0, )"
        },
        {
          "Item1": "Microsoft.VisualStudio.OLE.Interop",
          "Item2": "[7.10.6071, )"
        },
        {
          "Item1": "NPOI",
          "Item2": "[2.4.1, )"
        },
        {
          "Item1": "SharpZipLib",
          "Item2": "[1.0.0, )"
        }
      ]
    },
    "UiPath.Mail.Activities": {
      "Id": "UiPath.Mail.Activities",
      "Version": "1.3.0",
      "Dependencies": [
        {
          "Item1": "Microsoft.Exchange.WebServices",
          "Item2": "[2.2.0, )"
        },
        {
          "Item1": "BouncyCastle",
          "Item2": "[1.8.1, )"
        }
      ]
    },
    "UiPath.OCR.Contracts": {
      "Id": "UiPath.OCR.Contracts",
      "Version": "2.2.1",
      "Dependencies": []
    },
    "UiPath.System.Activities": {
      "Id": "UiPath.System.Activities",
      "Version": "18.4.2",
      "Dependencies": [
        {
          "Item1": "CsvHelper",
          "Item2": "[2.13.5, )"
        },
        {
          "Item1": "Microsoft.Rest.ClientRuntime",
          "Item2": "[2.3.10, )"
        },
        {
          "Item1": "Newtonsoft.Json",
          "Item2": "[10.0.3, )"
        }
      ]
    },
    "UiPath.UIAutomation.Activities": {
      "Id": "UiPath.UIAutomation.Activities",
      "Version": "19.10.1",
      "Dependencies": [
        {
          "Item1": "UiPath",
          "Item2": "[19.10.7243.31457, )"
        },
        {
          "Item1": "UiPath.Vision",
          "Item2": "[1.8.1, )"
        },
        {
          "Item1": "UiPath.OCR.Contracts",
          "Item2": "[2.2.1, )"
        },
        {
          "Item1": "AvalonEdit",
          "Item2": "[5.0.3, )"
        },
        {
          "Item1": "Extended.Wpf.Toolkit",
          "Item2": "[2.8.0, )"
        },
        {
          "Item1": "Humanizer.Core",
          "Item2": "[2.4.2, )"
        },
        {
          "Item1": "Newtonsoft.Json",
          "Item2": "[11.0.2, )"
        }
      ]
    },
    "UiPath.Vision": {
      "Id": "UiPath.Vision",
      "Version": "1.8.1",
      "Dependencies": [
        {
          "Item1": "UiPath.OCR.Contracts",
          "Item2": "[2.2.1, )"
        }
      ]
    },
    "UiPath.WebAPI.Activities": {
      "Id": "UiPath.WebAPI.Activities",
      "Version": "1.4.4",
      "Dependencies": [
        {
          "Item1": "AvalonEdit",
          "Item2": "[5.0.3, )"
        },
        {
          "Item1": "Newtonsoft.Json",
          "Item2": "[11.0.2, )"
        },
        {
          "Item1": "RestSharp",
          "Item2": "[106.3.1, )"
        }
      ]
    },
    "UiPathTeam.ArchiveLib.Activity": {
      "Id": "UiPathTeam.ArchiveLib.Activity",
      "Version": "1.1.1",
      "Dependencies": [
        {
          "Item1": "UiPath.System.Activities",
          "Item2": "[18.3.6864.20561, )"
        }
      ]
    }
  }
}